{
  "kl": {
    "train_loss": [
      0.3573035452028979,
      0.2341207609228466,
      0.19064999047828757,
      0.19250959222731384,
      0.17465137366367423,
      0.178781280051107,
      0.15240234606291936,
      0.13330993704173877,
      0.12043431854766348,
      0.11221563540723013,
      0.10282409045359363,
      0.09917040590358817
    ],
    "val_loss": [
      0.31589460372924805,
      0.2303036060333252,
      0.26138691091537475,
      0.2890472803115845,
      0.3063530540466309,
      0.30321962547302245,
      0.27301798963546753,
      0.2944638686180115,
      0.2686931161880493,
      0.2707645788192749,
      0.2685740261077881,
      0.2691294951438904
    ],
    "best_epoch": 1,
    "best_val_loss": 0.2303036060333252
  },
  "jsd": {
    "train_loss": [
      0.05633807538644127,
      0.05112950143444797,
      0.04984446902475927,
      0.04908147122225036,
      0.049731459954510567,
      0.04670858682821626,
      0.04139252108238314,
      0.039712868347440075,
      0.03840604525707338,
      0.0346989136432176,
      0.03139704972019662,
      0.030615205026191215
    ],
    "val_loss": [
      0.4170309591293335,
      0.4116020107269287,
      0.47981025314331055,
      0.5280179958343506,
      0.5202954807281495,
      0.4839851999282837,
      0.44264605712890626,
      0.5774886856079101,
      0.5449597148895263,
      0.4846288709640503,
      0.4947965326309204,
      0.5306564960479736
    ],
    "best_epoch": 1,
    "best_val_loss": 0.4116020107269287
  },
  "composite": {
    "train_loss": [
      0.587292664076971,
      0.4493930177844089,
      0.41817993314369867,
      0.4084035119284754,
      0.38848238924275275,
      0.38632530427497364,
      0.3453264926438746,
      0.3396761540485465,
      0.3031454866994982,
      0.28515853246916895,
      0.2720284776195236,
      0.24454637098571527,
      0.2393495544143345
    ],
    "val_loss": [
      0.32666940212249757,
      0.28198201465606687,
      0.2746420850753784,
      0.31895845413208007,
      0.33675111961364745,
      0.38652323150634765,
      0.33995570087432864,
      0.3073804054260254,
      0.3164881534576416,
      0.2884580764770508,
      0.3276552839279175,
      0.29614527225494386,
      0.3433140869140625
    ],
    "best_epoch": 2,
    "best_val_loss": 0.2746420850753784
  }
}