rank,test_position,cifar10h_index,true_entropy,pred_entropy,abs_entropy_error,true_top,pred_top,hypothesis
1,1317,7990,0.1350361853837967,2.420410633087158,2.285374402999878,0,3,(write a brief hypothesis here)
2,1909,7958,0.13303963840007782,2.410623550415039,2.2775838375091553,5,5,(write a brief hypothesis here)
3,1216,7107,3.5876823734071195e-10,2.2118923664093018,2.2118923664093018,2,3,(write a brief hypothesis here)
4,1222,3834,3.5876823734071195e-10,2.2039480209350586,2.2039480209350586,8,8,(write a brief hypothesis here)
5,1002,9436,0.27790018916130066,2.3918874263763428,2.1139872074127197,1,6,(write a brief hypothesis here)
6,494,9302,0.1370995044708252,2.2420918941497803,2.104992389678955,3,3,(write a brief hypothesis here)
7,1567,7238,2.129016876220703,0.038187991827726364,2.0908288955688477,4,4,(write a brief hypothesis here)
8,1209,7,0.1414405107498169,2.1575355529785156,2.0160951614379883,6,4,(write a brief hypothesis here)
